"UMean [m/s]:0","UMean [m/s]:1","UMean [m/s]:2","boundaryT [K]","boundaryU [m/s]:0","boundaryU [m/s]:1","boundaryU [m/s]:2","dsmcRhoN [1/m3]","dsmcRhoNMean [1/m3]","dsmcSigmaTcRMax [m3/s]","fD [Pa]:0","fD [Pa]:1","fD [Pa]:2","fDMean [Pa]:0","fDMean [Pa]:1","fDMean [Pa]:2","iDof [1/m3]","iDofMean [1/m3]","internalE [Pa]","internalEMean [Pa]","internalT [kg m2/s2]","linearKE [Pa]","linearKEMean [Pa]","momentum [kg/(m2 s)]:0","momentum [kg/(m2 s)]:1","momentum [kg/(m2 s)]:2","momentumMean [kg/(m2 s)]:0","momentumMean [kg/(m2 s)]:1","momentumMean [kg/(m2 s)]:2","overallT [kg m2/s2]","q [kg/s3]","qMean [kg/s3]","rhoM [kg/m3]","rhoMMean [kg/m3]","rhoN [1/m3]","rhoNMean [1/m3]","translationalT [kg m2/s2]","p [Pa]","Points:0","Points:1","Points:2"
177.18,10.308,-0.24701,295,0,0,0,34,27.678,3.4893e-16,0,0,0,0.00015299,-0.00035797,-7.7887e-07,0,0,0,0,0,0.0010684,0.00087549,1.3401e-06,3.5658e-07,2.4385e-07,1.3006e-06,7.5662e-08,-1.8131e-09,331.42,0,0.023571,9.0168e-09,7.3403e-09,1.36e+17,1.1071e+17,331.42,0.00035797,0,0,0
175.42,15.258,-0.20285,295,0,0,0,30.5,28.21,3.7163e-16,0,0,0,0.00017905,-0.00040944,1.909e-08,0,0,0,0,0,0.0009041,0.00089048,1.2219e-06,3.2203e-07,2.1637e-07,1.3122e-06,1.1485e-07,-1.5113e-09,331.39,0,0.024634,8.0886e-09,7.4814e-09,1.22e+17,1.1284e+17,331.39,0.00040944,0,0,0.001
173.67,20.209,-0.15868,295,0,0,0,27,28.743,3.9433e-16,0,0,0,0.00020512,-0.0004609,8.1705e-07,0,0,0,0,0,0.0007398,0.00090547,1.1037e-06,2.8748e-07,1.8889e-07,1.3238e-06,1.5404e-07,-1.2096e-09,331.36,0,0.025696,7.1604e-09,7.6225e-09,1.08e+17,1.1497e+17,331.36,0.0004609,0,0,0.002
168.62,3.1014,-0.17111,295,0,0,0,25,25.762,3.6349e-16,0,0,0,0.00015156,-0.00035463,-2.646e-08,0,0,0,0,0,0.00077823,0.00080314,1.0128e-06,2.3076e-07,2.0105e-08,1.1564e-06,2.4851e-08,-1.2076e-09,330.17,0,0.023093,6.63e-09,6.8321e-09,1e+17,1.0305e+17,330.17,0.00035463,0.0005,0,0
156.61,-5.3821,0.39678,295,0,0,0,19,23.724,3.5973e-16,0,0,0,0.00014273,-0.00033545,-1.1156e-07,0,0,0,0,0,0.00061028,0.00072178,7.3916e-07,9.1482e-08,2.8488e-07,9.8546e-07,-3.3821e-08,2.4804e-09,327.93,0,0.021797,5.0388e-09,6.2915e-09,7.6e+16,9.4895e+16,327.93,0.00033545,0.001,0,0
150.7,-6.289,0.39555,295,0,0,0,24.5,25.264,3.6072e-16,0,0,0,0.00014951,-0.00035084,-3.2023e-07,0,0,0,0,0,0.00071088,0.00075981,8.1004e-07,-8.19e-08,4.7708e-07,1.0087e-06,-4.1974e-08,2.4328e-09,326.71,0,0.023423,6.4974e-09,6.7001e-09,9.8e+16,1.0106e+17,326.71,0.00035084,0.0015,0,0
149.21,-7.807,-0.068236,295,0,0,0,22,26.005,3.718e-16,0,0,0,0.00016556,-0.00038438,3.2507e-07,0,0,0,0,0,0.00065696,0.00078136,8.3466e-07,-1.201e-07,2.8476e-07,1.0288e-06,-5.3379e-08,-4.7779e-10,327.01,0,0.025464,5.8344e-09,6.8965e-09,8.8e+16,1.0402e+17,327.01,0.00038438,0.002,0,0
149.18,-9.7671,-0.15073,295,0,0,0,16,25.104,3.6573e-16,0,0,0,0.00016498,-0.00038414,-1.4459e-07,0,0,0,0,0,0.00055258,0.00075497,6.7166e-07,1.9974e-07,2.3776e-07,9.9318e-07,-6.5027e-08,-1.0041e-09,327.26,0,0.025011,4.2432e-09,6.6577e-09,6.4e+16,1.0042e+17,327.26,0.00038414,0.0025,0,0
147.41,-9.268,-0.40432,295,0,0,0,20,24.297,3.792e-16,0,0,0,0.00015091,-0.000354,-4.3304e-07,0,0,0,0,0,0.00062845,0.00072928,1.0341e-06,9.5574e-08,1.8342e-07,9.5002e-07,-5.9844e-08,-2.5741e-09,327.42,0,0.023707,5.304e-09,6.4435e-09,8e+16,9.7187e+16,327.42,0.000354,0.003,0,0
146.81,-9.8551,-0.46777,295,0,0,0,24,23.352,3.9787e-16,0,0,0,0.0001391,-0.00032682,3.8942e-08,0,0,0,0,0,0.00068867,0.00070082,1.3131e-06,-2.3728e-08,6.3111e-08,9.0918e-07,-6.0996e-08,-2.8992e-09,327.63,0,0.022151,6.3648e-09,6.1928e-09,9.6e+16,9.3406e+16,327.63,0.00032682,0.0035,0,0
146.23,-10.163,-0.13069,295,0,0,0,21.5,23.851,3.6259e-16,0,0,0,0.00015038,-0.00035109,2.5151e-07,0,0,0,0,0,0.00050097,0.00071373,1.0116e-06,-1.902e-07,-1.6965e-07,9.2484e-07,-6.4145e-08,-7.8446e-10,326.87,0,0.023131,5.7018e-09,6.3252e-09,8.6e+16,9.5403e+16,326.87,0.00035109,0.004,0,0
145.15,-9.58,-0.1256,295,0,0,0,22,24.338,3.0688e-16,0,0,0,0.00015918,-0.00037188,-6.6322e-07,0,0,0,0,0,0.00050093,0.00072518,8.4899e-07,-1.0741e-07,1.1564e-07,9.3689e-07,-6.1826e-08,-8.0212e-10,325.8,0,0.02429,5.8344e-09,6.4546e-09,8.8e+16,9.7354e+16,325.8,0.00037188,0.0045,0,0
144.72,-9.6668,-0.10233,295,0,0,0,21.5,24.332,3.4151e-16,0,0,0,0.0001574,-0.00037036,-9.0836e-07,0,0,0,0,0,0.00053347,0.00072417,8.0968e-07,1.9622e-07,5.5575e-07,9.3386e-07,-6.2374e-08,-6.5142e-10,325.6,0,0.024246,5.7018e-09,6.4529e-09,8.6e+16,9.7329e+16,325.6,0.00037036,0.005,0,0
144.31,-9.267,-0.095011,295,0,0,0,29,24.391,3.7284e-16,0,0,0,0.00015995,-0.00037422,-6.0605e-07,0,0,0,0,0,0.00068079,0.00072572,5.8012e-07,2.0245e-07,-1.5957e-08,9.3349e-07,-5.9948e-08,-6.1014e-10,325.69,0,0.024433,7.6908e-09,6.4685e-09,1.16e+17,9.7565e+16,325.69,0.00037422,0.0055,0,0
143.77,-8.9024,0.0069964,295,0,0,0,32.5,24.328,3.5576e-16,0,0,0,0.0001597,-0.00037187,-6.1898e-07,0,0,0,0,0,0.00080436,0.00072378,4.1905e-07,2.3359e-07,3.2203e-08,9.2755e-07,-5.7436e-08,4.504e-11,325.93,0,0.024231,8.619e-09,6.4518e-09,1.3e+17,9.7312e+16,325.93,0.00037187,0.006,0,0
142.46,-8.1215,0.56486,295,0,0,0,29.5,24.185,3.4543e-16,0,0,0,0.0001562,-0.00036429,-5.5865e-07,0,0,0,0,0,0.00095411,0.00071946,9.7535e-07,-1.4051e-07,3.1722e-07,9.1379e-07,-5.2114e-08,3.616e-09,326.51,0,0.023577,7.8234e-09,6.4139e-09,1.18e+17,9.674e+16,326.51,0.00036429,0.0065,0,0
142.12,-8.3107,0.56926,295,0,0,0,32,24.075,3.4685e-16,0,0,0,0.00015568,-0.00036368,-4.0738e-07,0,0,0,0,0,0.0010638,0.00071529,1.3493e-06,-2.957e-07,-4.4461e-08,9.0739e-07,-5.3068e-08,3.633e-09,326.21,0,0.023315,8.4864e-09,6.3847e-09,1.28e+17,9.63e+16,326.21,0.00036368,0.007,0,0
141.5,-8.1276,0.19122,295,0,0,0,28,24.057,3.2591e-16,0,0,0,0.00015562,-0.00036269,-1.2523e-07,0,0,0,0,0,0.00070288,0.00071249,7.4087e-07,5.9744e-08,1.9922e-07,9.0279e-07,-5.1867e-08,1.2226e-09,325.36,0,0.023385,7.4256e-09,6.38e-09,1.12e+17,9.6229e+16,325.36,0.00036269,0.0075,0,0
141.79,-8.3209,0.0082484,295,0,0,0,25,24.02,3.3514e-16,0,0,0,0.00015519,-0.00036323,-6.2892e-08,0,0,0,0,0,0.00061374,0.00071068,7.2396e-07,9.3479e-08,3.9491e-08,9.0326e-07,-5.301e-08,5.2589e-11,324.86,0,0.023568,6.63e-09,6.3702e-09,1e+17,9.6081e+16,324.86,0.00036323,0.008,0,0
142.8,-8.8482,-0.081204,295,0,0,0,28.5,25.114,3.7861e-16,0,0,0,0.00016028,-0.00037526,-5.4158e-07,0,0,0,0,0,0.00090841,0.00074435,1.189e-06,-2.094e-08,-1.5559e-07,9.5093e-07,-5.8738e-08,-5.7029e-10,325.02,0,0.024577,7.5582e-09,6.6602e-09,1.14e+17,1.0046e+17,325.02,0.00037526,0.0085,0,0
143,-9.3952,-0.092058,295,0,0,0,26.5,25.276,3.5901e-16,0,0,0,0.00016368,-0.00038183,8.1941e-08,0,0,0,0,0,0.00084693,0.00075034,5.8635e-07,7.0211e-09,1.1205e-07,9.5834e-07,-6.2681e-08,-6.3948e-10,325.5,0,0.024924,7.0278e-09,6.7032e-09,1.06e+17,1.011e+17,325.5,0.00038183,0.009,0,0
143.12,-9.0515,0.188,295,0,0,0,24,24.396,3.6564e-16,0,0,0,0.00016174,-0.00037641,1.1295e-07,0,0,0,0,0,0.00062607,0.00072547,2.4911e-07,-2.2817e-07,1.2909e-07,9.2597e-07,-5.8546e-08,1.2183e-09,326.05,0,0.02405,6.3648e-09,6.4699e-09,9.6e+16,9.7586e+16,326.05,0.00037641,0.0095,0,0
142.94,-8.4128,0.32882,295,0,0,0,21.5,24.438,3.7887e-16,0,0,0,0.00015996,-0.00037284,-9.6557e-07,0,0,0,0,0,0.00057289,0.00072703,6.8692e-07,-2.6813e-07,1.1092e-07,9.2642e-07,-5.4524e-08,2.131e-09,326.31,0,0.024083,5.7018e-09,6.481e-09,8.6e+16,9.7753e+16,326.31,0.00037284,0.01,0,0
142.02,-8.6542,-0.34095,295,0,0,0,19.5,24.3,3.7003e-16,0,0,0,0.00015677,-0.00036781,-2.9741e-07,0,0,0,0,0,0.00064581,0.00072195,9.8379e-07,-3.021e-07,3.2193e-07,9.1529e-07,-5.5796e-08,-2.174e-09,326.23,0,0.024059,5.1714e-09,6.4444e-09,7.8e+16,9.72e+16,326.23,0.00036781,0.0105,0,0
141.63,-8.9308,-0.74995,295,0,0,0,25,24.136,3.622e-16,0,0,0,0.00015771,-0.00036985,3.0316e-07,0,0,0,0,0,0.00078102,0.00071712,1.0405e-06,-4.3525e-07,-9.2898e-08,9.0651e-07,-5.7158e-08,-4.8016e-09,326.44,0,0.023875,6.63e-09,6.4008e-09,1e+17,9.6542e+16,326.44,0.00036985,0.011,0,0
142.01,-8.7988,-0.53358,295,0,0,0,21,24.154,3.0273e-16,0,0,0,0.00015927,-0.00037207,-2.4573e-07,0,0,0,0,0,0.00055646,0.00071829,6.551e-07,-3.6233e-07,-5.248e-07,9.0969e-07,-5.635e-08,-3.4179e-09,326.58,0,0.024043,5.5692e-09,6.4057e-09,8.4e+16,9.6616e+16,326.58,0.00037207,0.0115,0,0
140.89,-7.724,-0.24038,295,0,0,0,21.5,24.171,2.701e-16,0,0,0,0.0001573,-0.00036731,-7.9548e-07,0,0,0,0,0,0.0005314,0.00071746,2.4484e-07,-5.6818e-10,-1.8792e-07,9.0313e-07,-4.9512e-08,-1.5428e-09,326.45,0,0.023834,5.7018e-09,6.4102e-09,8.6e+16,9.6684e+16,326.45,0.00036731,0.012,0,0
140.69,-8.2553,-0.12681,295,0,0,0,25,25.213,3.282e-16,0,0,0,0.00016092,-0.0003759,-7.0411e-07,0,0,0,0,0,0.00074575,0.0007469,2.5927e-07,7.052e-08,6.7861e-08,9.4082e-07,-5.5345e-08,-8.9791e-10,325.82,0,0.024674,6.63e-09,6.6866e-09,1e+17,1.0085e+17,325.82,0.0003759,0.0125,0,0
142.02,-9.544,-0.41798,295,0,0,0,21,25.178,3.6858e-16,0,0,0,0.0001618,-0.0003786,-8.5711e-07,0,0,0,0,0,0.00077785,0.00074696,7.4786e-07,-1.4302e-07,-2.3339e-07,9.48e-07,-6.3501e-08,-2.7575e-09,325.73,0,0.024852,5.5692e-09,6.6773e-09,8.4e+16,1.0071e+17,325.73,0.0003786,0.013,0,0
143.53,-10.604,-0.41982,295,0,0,0,20.5,24.093,3.4916e-16,0,0,0,0.00015891,-0.00037303,8.2363e-08,0,0,0,0,0,0.00081539,0.00071686,1.2057e-06,-2.917e-07,1.4801e-09,9.1711e-07,-6.7754e-08,-2.6819e-09,326.02,0,0.024325,5.4366e-09,6.3895e-09,8.2e+16,9.6373e+16,326.02,0.00037303,0.0135,0,0
142.97,-9.7372,-0.42626,295,0,0,0,21,24.212,3.3985e-16,0,0,0,0.00015996,-0.00037323,4.0008e-07,0,0,0,0,0,0.00070807,0.00071945,9.3134e-07,-3.9647e-07,4.5099e-07,9.1795e-07,-6.2491e-08,-2.7402e-09,325.84,0,0.024421,5.5692e-09,6.421e-09,8.4e+16,9.6847e+16,325.84,0.00037323,0.014,0,0
139.79,-7.2252,-0.54655,295,0,0,0,24.5,25.273,3.4435e-16,0,0,0,0.00015874,-0.00037097,-3.3769e-07,0,0,0,0,0,0.00070998,0.00074675,1.0487e-06,-4.2278e-07,1.7896e-07,9.3637e-07,-4.8079e-08,-3.6634e-09,325.37,0,0.024386,6.4974e-09,6.7023e-09,9.8e+16,1.0109e+17,325.37,0.00037097,0.0145,0,0
137.64,-5.8636,-0.54771,295,0,0,0,28,26.232,3.439e-16,0,0,0,0.00015654,-0.00036851,-2.973e-07,0,0,0,0,0,0.00082507,0.00077196,1.4284e-06,-5.2912e-07,-2.988e-08,9.5751e-07,-4.0791e-08,-3.8103e-09,324.87,0,0.024485,7.4256e-09,6.9567e-09,1.12e+17,1.0493e+17,324.87,0.00036851,0.015,0,0
165.18,8.7601,-0.15849,295,0,0,0,25.75,27.315,3.7383e-16,0,0,0,0.00017862,-0.00040843,6.5195e-07,0,0,0,0,0,0.00068749,0.00084612,8.9031e-07,1.8259e-07,1.4197e-08,1.1971e-06,6.7523e-08,-1.1619e-09,329.76,0,0.024524,6.8289e-09,7.2439e-09,1.03e+17,1.0926e+17,329.76,0.00040843,0.0005,0,0.001
151.38,1.339,0.21947,295,0,0,0,24.75,26.177,3.4487e-16,0,0,0,0.00017891,-0.000409,3.9769e-07,0,0,0,0,0,0.00059895,0.00078965,7.029e-07,4.8679e-08,3.0209e-07,1.0478e-06,1.3717e-08,1.3918e-09,327.58,0,0.024367,6.5637e-09,6.9421e-09,9.9e+16,1.0471e+17,327.58,0.000409,0.001,0,0.001
145.97,0.76733,0.30918,295,0,0,0,25.25,25.786,3.5854e-16,0,0,0,0.00017889,-0.00040892,-3.1111e-07,0,0,0,0,0,0.00064381,0.00077086,7.0052e-07,7.6143e-08,3.9156e-07,9.9734e-07,6.2196e-09,1.9923e-09,326.69,0,0.024578,6.6963e-09,6.8385e-09,1.01e+17,1.0315e+17,326.69,0.00040892,0.0015,0,0.001
143.2,0.61372,0.091511,295,0,0,0,23,25.585,3.8749e-16,0,0,0,0.00017864,-0.00040819,2.6016e-07,0,0,0,0,0,0.00063303,0.00076142,5.4429e-07,2.054e-07,9.4208e-08,9.7186e-07,3.5514e-09,6.0199e-10,326.25,0,0.024513,6.0996e-09,6.785e-09,9.2e+16,1.0234e+17,326.25,0.00040819,0.002,0,0.001
141.79,0.0032904,-0.11008,295,0,0,0,23,25.503,3.7523e-16,0,0,0,0.00017813,-0.00040818,1.6213e-07,0,0,0,0,0,0.00065932,0.00075662,6.7965e-07,1.9465e-07,7.6863e-08,9.5822e-07,1.0571e-09,-7.3701e-10,325.79,0,0.024146,6.0996e-09,6.7635e-09,9.2e+16,1.0201e+17,325.79,0.00040818,0.0025,0,0.001
141.04,-0.22688,-0.4583,295,0,0,0,26,25.486,3.64e-16,0,0,0,0.00017836,-0.00040903,1.4848e-07,0,0,0,0,0,0.00073952,0.00075523,1.0354e-06,-4.1227e-09,3.2025e-08,9.5136e-07,1.1631e-09,-3.1102e-09,325.88,0,0.024534,6.8952e-09,6.7589e-09,1.04e+17,1.0194e+17,325.88,0.00040903,0.003,0,0.001
140.57,-0.51183,-0.43599,295,0,0,0,26.75,25.422,3.6866e-16,0,0,0,0.00017929,-0.00040984,6.7567e-07,0,0,0,0,0,0.00074225,0.00075372,1.0361e-06,6.1425e-08,1.5203e-07,9.443e-07,1.6941e-09,-2.9241e-09,326.39,0,0.024676,7.0941e-09,6.742e-09,1.07e+17,1.0169e+17,326.39,0.00040984,0.0035,0,0.001
139.81,-0.4624,-0.14586,295,0,0,0,23,25.34,3.7435e-16,0,0,0,0.00017895,-0.00040872,4.161e-07,0,0,0,0,0,0.00059847,0.00075049,8.3394e-07,3.3183e-08,-1.3461e-08,9.3699e-07,8.2852e-10,-9.6804e-10,326.24,0,0.024435,6.0996e-09,6.7201e-09,9.2e+16,1.0136e+17,326.24,0.00040872,0.004,0,0.001
139,-0.35423,-0.10446,295,0,0,0,24.5,25.342,3.5124e-16,0,0,0,0.00017846,-0.0004087,-4.4449e-07,0,0,0,0,0,0.00063033,0.00074913,1.0087e-06,2.4688e-08,-3.7953e-08,9.3257e-07,8.0009e-11,-6.9133e-10,325.83,0,0.024474,6.4974e-09,6.7207e-09,9.8e+16,1.0137e+17,325.83,0.0004087,0.0045,0,0.001
138.7,-0.42773,-0.10283,295,0,0,0,24.5,25.371,3.6748e-16,0,0,0,0.00017818,-0.00040918,-3.1888e-07,0,0,0,0,0,0.0006085,0.0007491,1.053e-06,5.0533e-09,2.8967e-07,9.3154e-07,-3.281e-10,-6.8687e-10,325.54,0,0.024421,6.4974e-09,6.7285e-09,9.8e+16,1.0149e+17,325.54,0.00040918,0.005,0,0.001
138.4,-0.25984,-0.13055,295,0,0,0,28.5,25.371,3.7104e-16,0,0,0,0.00017848,-0.0004092,-1.1261e-07,0,0,0,0,0,0.00071311,0.00074889,8.3834e-07,1.3697e-08,-1.5577e-07,9.2967e-07,5.9145e-10,-8.8545e-10,325.58,0,0.024355,7.5582e-09,6.7285e-09,1.14e+17,1.0149e+17,325.58,0.0004092,0.0055,0,0.001
138.1,-0.1755,0.063049,295,0,0,0,30,25.316,3.5687e-16,0,0,0,0.00017884,-0.00040863,-5.7065e-07,0,0,0,0,0,0.0008311,0.0007479,9.0487e-07,1.9706e-08,-1.8567e-07,9.257e-07,1.111e-09,4.3523e-10,326.02,0,0.024435,7.956e-09,6.7138e-09,1.2e+17,1.0126e+17,326.02,0.00040863,0.006,0,0.001
137.99,-0.2358,0.61674,295,0,0,0,24.75,25.231,3.6643e-16,0,0,0,0.00017913,-0.00040827,-5.0597e-07,0,0,0,0,0,0.00080423,0.00074535,1.0569e-06,-2.6354e-07,1.4594e-07,9.2214e-07,5.9411e-10,4.1393e-09,326.09,0,0.024525,6.5637e-09,6.6913e-09,9.9e+16,1.0092e+17,326.09,0.00040827,0.0065,0,0.001
137.78,-0.24151,0.61687,295,0,0,0,26.75,25.184,3.6958e-16,0,0,0,0.00017879,-0.00040794,-2.5862e-07,0,0,0,0,0,0.00086141,0.0007433,1.0793e-06,-2.8701e-07,-1.0358e-08,9.189e-07,7.5301e-10,4.1342e-09,325.87,0,0.024441,7.0941e-09,6.6788e-09,1.07e+17,1.0074e+17,325.87,0.00040794,0.007,0,0.001
137.72,-0.3973,0.19606,295,0,0,0,29.5,25.203,3.4801e-16,0,0,0,0.00017877,-0.00040775,-3.1525e-07,0,0,0,0,0,0.00080709,0.00074335,1.0213e-06,-2.8224e-07,-3.1173e-09,9.1937e-07,-3.2844e-10,1.311e-09,325.62,0,0.024505,7.8234e-09,6.6838e-09,1.18e+17,1.0081e+17,325.62,0.00040775,0.0075,0,0.001
137.88,-0.46531,0.071456,295,0,0,0,26.75,25.219,3.5981e-16,0,0,0,0.00017862,-0.00040809,-3.3672e-07,0,0,0,0,0,0.00075635,0.00074347,1.1672e-06,-2.1315e-07,1.002e-07,9.2096e-07,-6.1853e-10,4.9778e-10,325.37,0,0.024503,7.0941e-09,6.6882e-09,1.07e+17,1.0088e+17,325.37,0.00040809,0.008,0,0.001
137.39,0.063735,0.15237,295,0,0,0,26.25,25.192,3.8755e-16,0,0,0,0.00017877,-0.00040828,-5.1829e-07,0,0,0,0,0,0.00086272,0.00074296,1.3861e-06,-3.5453e-08,3.2847e-08,9.1779e-07,6.7525e-10,9.8987e-10,325.63,0,0.024376,6.9615e-09,6.6809e-09,1.05e+17,1.0077e+17,325.63,0.00040828,0.0085,0,0.001
137.17,-0.026143,-0.00090832,295,0,0,0,26.5,25.199,3.5019e-16,0,0,0,0.00017887,-0.0004081,-1.6087e-07,0,0,0,0,0,0.00081733,0.00074293,1.0159e-06,-4.3135e-08,-9.5402e-08,9.1665e-07,-1.9752e-10,-7.361e-11,325.61,0,0.024362,7.0278e-09,6.6827e-09,1.06e+17,1.008e+17,325.61,0.0004081,0.009,0,0.001
137.64,-0.42459,0.097777,295,0,0,0,23.25,25.232,3.6905e-16,0,0,0,0.0001787,-0.00040815,3.2852e-08,0,0,0,0,0,0.00062627,0.00074367,5.8067e-07,-1.2297e-07,4.4943e-08,9.198e-07,-9.1407e-10,6.3357e-10,325.39,0,0.024285,6.1659e-09,6.6916e-09,9.3e+16,1.0093e+17,325.39,0.00040815,0.0095,0,0.001
137.55,-0.109,0.32892,295,0,0,0,24,25.212,3.8107e-16,0,0,0,0.00017846,-0.00040838,-5.8331e-07,0,0,0,0,0,0.00065481,0.00074315,7.2209e-07,-1.3205e-07,2.0223e-07,9.1861e-07,9.6777e-10,2.1993e-09,325.47,0,0.024219,6.3648e-09,6.6863e-09,9.6e+16,1.0085e+17,325.47,0.00040838,0.01,0,0.001
137.16,-0.11769,-0.20491,295,0,0,0,24.75,25.192,3.5643e-16,0,0,0,0.00017787,-0.00040843,1.0596e-07,0,0,0,0,0,0.000737,0.0007424,1.0287e-06,-1.9636e-07,2.488e-07,9.1525e-07,1.2008e-09,-1.3324e-09,325.57,0,0.024284,6.5637e-09,6.681e-09,9.9e+16,1.0077e+17,325.57,0.00040843,0.0105,0,0.001
137.27,-0.41222,-0.76073,295,0,0,0,26,25.145,3.6647e-16,0,0,0,0.00017803,-0.00040837,5.2782e-07,0,0,0,0,0,0.00076014,0.00074211,1.0468e-06,-1.9437e-07,-4.9094e-08,9.142e-07,-4.7371e-10,-5.0733e-09,326.06,0,0.024375,6.8952e-09,6.6683e-09,1.04e+17,1.0058e+17,326.06,0.00040837,0.011,0,0.001
137.22,-0.29703,-0.6059,295,0,0,0,24,25.125,3.3847e-16,0,0,0,0.00017819,-0.00040803,-5.1074e-08,0,0,0,0,0,0.00068779,0.00074177,9.0493e-07,-8.5895e-08,-2.594e-07,9.1307e-07,2.1559e-10,-4.055e-09,326.19,0,0.02435,6.3648e-09,6.6633e-09,9.6e+16,1.005e+17,326.19,0.00040803,0.0115,0,0.001
136.84,-0.26698,-0.24852,295,0,0,0,22.5,25.184,3.0074e-16,0,0,0,0.00017831,-0.00040814,-5.2268e-07,0,0,0,0,0,0.00064265,0.00074256,7.5863e-07,1.0965e-08,-5.1933e-08,9.1286e-07,2.1698e-10,-1.6628e-09,325.93,0,0.024431,5.967e-09,6.6789e-09,9e+16,1.0074e+17,325.93,0.00040814,0.012,0,0.001
136.52,0.038784,-0.14663,295,0,0,0,23.75,25.215,3.3121e-16,0,0,0,0.00017909,-0.00040877,-4.3505e-07,0,0,0,0,0,0.00073022,0.00074326,5.866e-07,4.1789e-08,1.2661e-07,9.1307e-07,-2.1422e-11,-1.0168e-09,325.87,0,0.02464,6.2985e-09,6.6871e-09,9.5e+16,1.0086e+17,325.87,0.00040877,0.0125,0,0.001
136.61,0.052085,-0.36066,295,0,0,0,23.25,25.192,3.7471e-16,0,0,0,0.00017914,-0.00040886,-6.7755e-07,0,0,0,0,0,0.00083347,0.00074292,8.9556e-07,-1.9962e-07,4.3116e-08,9.1249e-07,4.7004e-10,-2.4228e-09,325.96,0,0.024502,6.1659e-09,6.6809e-09,9.3e+16,1.0077e+17,325.96,0.00040886,0.013,0,0.001
137.16,-0.59414,-0.52638,295,0,0,0,24,25.174,3.5742e-16,0,0,0,0.00017848,-0.00040868,-1.6326e-07,0,0,0,0,0,0.00078937,0.00074257,1.081e-06,-2.9702e-07,7.4506e-08,9.1389e-07,-1.0992e-09,-3.5443e-09,325.87,0,0.02439,6.3648e-09,6.676e-09,9.6e+16,1.0069e+17,325.87,0.00040868,0.0135,0,0.001
136.99,-0.44738,-0.36809,295,0,0,0,24,25.21,3.511e-16,0,0,0,0.00017853,-0.00040849,5.6615e-07,0,0,0,0,0,0.00069307,0.00074274,8.7167e-07,-7.8359e-08,1.1806e-07,9.1427e-07,-5.1277e-10,-2.4494e-09,325.53,0,0.024416,6.3648e-09,6.6858e-09,9.6e+16,1.0084e+17,325.53,0.00040849,0.014,0,0.001
136.38,0.17666,-0.37053,295,0,0,0,24.75,25.251,3.5345e-16,0,0,0,0.00017863,-0.00040859,-9.595e-09,0,0,0,0,0,0.00070099,0.00074273,8.8774e-07,-1.1332e-07,1.742e-07,9.1279e-07,1.4051e-09,-2.4424e-09,325.23,0,0.024487,6.5637e-09,6.6965e-09,9.9e+16,1.01e+17,325.23,0.00040859,0.0145,0,0.001
136.13,0.48916,-0.53146,295,0,0,0,25,25.26,3.4404e-16,0,0,0,0.00017862,-0.00040878,-2.6963e-07,0,0,0,0,0,0.00068227,0.00074238,8.9e-07,-2.6802e-07,2.8474e-07,9.1229e-07,1.6391e-09,-3.5644e-09,325.03,0,0.024649,6.63e-09,6.6989e-09,1e+17,1.0104e+17,325.03,0.00040878,0.015,0,0.001
161.74,14.419,-0.14586,295,0,0,0,26.5,28.868,3.8417e-16,0,0,0,0.00020567,-0.00046223,1.3304e-06,0,0,0,0,0,0.00059675,0.00088911,7.6777e-07,1.3441e-07,8.2899e-09,1.2378e-06,1.1019e-07,-1.1163e-09,329.35,0,0.025954,7.0278e-09,7.6557e-09,1.06e+17,1.1547e+17,329.35,0.00046223,0.0005,0,0.002
146.16,8.0602,0.042155,295,0,0,0,30.5,28.63,3.3001e-16,0,0,0,0.00021508,-0.00048255,9.0695e-07,0,0,0,0,0,0.00058761,0.00085753,6.6664e-07,5.8753e-09,3.1931e-07,1.1101e-06,6.1254e-08,3.0322e-10,327.22,0,0.026937,8.0886e-09,7.5927e-09,1.22e+17,1.1452e+17,327.22,0.00048255,0.001,0,0.002
141.23,7.8237,0.22281,295,0,0,0,26,26.308,3.5637e-16,0,0,0,0.00020826,-0.000467,-3.02e-07,0,0,0,0,0,0.00057673,0.0007819,5.9101e-07,2.3419e-07,3.0605e-07,9.8603e-07,5.4413e-08,1.5517e-09,326.67,0,0.025732,6.8952e-09,6.977e-09,1.04e+17,1.0523e+17,326.67,0.000467,0.0015,0,0.002
137.19,9.0344,0.25126,295,0,0,0,24,25.164,4.0319e-16,0,0,0,0.00019171,-0.000432,1.9526e-07,0,0,0,0,0,0.0006091,0.00074149,2.5392e-07,5.309e-07,-9.6346e-08,9.1495e-07,6.0482e-08,1.6818e-09,325.49,0,0.023562,6.3648e-09,6.6736e-09,9.6e+16,1.0066e+17,325.49,0.000432,0.002,0,0.002
134.4,9.7737,-0.069429,295,0,0,0,30,25.902,3.8472e-16,0,0,0,0.00019127,-0.00043222,4.6885e-07,0,0,0,0,0,0.00076607,0.00075826,6.8764e-07,1.8956e-07,-8.4029e-08,9.2325e-07,6.7141e-08,-4.6989e-10,324.32,0,0.02328,7.956e-09,6.8692e-09,1.2e+17,1.0361e+17,324.32,0.00043222,0.0025,0,0.002
134.66,8.8142,-0.51227,295,0,0,0,32,26.676,3.4881e-16,0,0,0,0.00020581,-0.00046405,7.3e-07,0,0,0,0,0,0.0008506,0.00078117,1.0368e-06,-1.0382e-07,-1.1937e-07,9.5269e-07,6.217e-08,-3.6464e-09,324.34,0,0.025362,8.4864e-09,7.0744e-09,1.28e+17,1.067e+17,324.34,0.00046405,0.003,0,0.002
134.33,8.8315,-0.40421,295,0,0,0,29.5,27.493,3.3946e-16,0,0,0,0.00021947,-0.00049287,1.3124e-06,0,0,0,0,0,0.00079583,0.00080661,7.5913e-07,1.4658e-07,2.4095e-07,9.7943e-07,6.4384e-08,-2.949e-09,325.16,0,0.027202,7.8234e-09,7.2911e-09,1.18e+17,1.0997e+17,325.16,0.00049287,0.0035,0,0.002
133.39,9.2383,-0.16102,295,0,0,0,24.5,26.829,3.8611e-16,0,0,0,0.00020753,-0.00046635,5.807e-07,0,0,0,0,0,0.00069596,0.00078724,6.5628e-07,2.5656e-07,1.4273e-07,9.4914e-07,6.5802e-08,-1.1516e-09,325.6,0,0.02574,6.4974e-09,7.1149e-09,9.8e+16,1.0731e+17,325.6,0.00046635,0.004,0,0.002
132.86,8.8715,-0.083327,295,0,0,0,27,26.345,3.9559e-16,0,0,0,0.00019773,-0.00044552,-2.2576e-07,0,0,0,0,0,0.00075974,0.00077309,1.1684e-06,1.5678e-07,-1.9155e-07,9.2825e-07,6.1986e-08,-5.8055e-10,325.85,0,0.024659,7.1604e-09,6.9868e-09,1.08e+17,1.0538e+17,325.85,0.00044552,0.0045,0,0.002
132.67,8.8114,-0.10332,295,0,0,0,27.5,26.41,3.9346e-16,0,0,0,0.00019896,-0.00044799,2.7059e-07,0,0,0,0,0,0.00068353,0.00077402,1.2962e-06,-1.8611e-07,2.3596e-08,9.2923e-07,6.1717e-08,-7.2233e-10,325.49,0,0.024595,7.293e-09,7.004e-09,1.1e+17,1.0564e+17,325.49,0.00044799,0.005,0,0.002
132.48,8.7473,-0.1661,295,0,0,0,28,26.352,3.6923e-16,0,0,0,0.00019701,-0.00044418,3.8084e-07,0,0,0,0,0,0.00074542,0.00077206,1.0966e-06,-1.7506e-07,-2.9558e-07,9.2584e-07,6.1131e-08,-1.1608e-09,325.46,0,0.024278,7.4256e-09,6.9884e-09,1.12e+17,1.0541e+17,325.46,0.00044418,0.0055,0,0.002
132.43,8.5513,0.1191,295,0,0,0,27.5,26.304,3.5798e-16,0,0,0,0.00019798,-0.00044538,-5.2233e-07,0,0,0,0,0,0.00085785,0.00077201,1.3907e-06,-1.9417e-07,-4.0354e-07,9.2384e-07,5.9658e-08,8.2541e-10,326.1,0,0.024639,7.293e-09,6.9759e-09,1.1e+17,1.0522e+17,326.1,0.00044538,0.006,0,0.002
133.52,7.6499,0.66863,295,0,0,0,20,26.277,3.8743e-16,0,0,0,0.00020205,-0.00045224,-4.5329e-07,0,0,0,0,0,0.00065435,0.00077125,1.1384e-06,-3.8657e-07,-2.5347e-08,9.3049e-07,5.3302e-08,4.6626e-09,325.67,0,0.025474,5.304e-09,6.9687e-09,8e+16,1.0511e+17,325.67,0.00045224,0.0065,0,0.002
133.43,7.8277,0.66447,295,0,0,0,21.5,26.293,3.923e-16,0,0,0,0.0002019,-0.00045221,-1.0986e-07,0,0,0,0,0,0.000659,0.00077132,8.093e-07,-2.7833e-07,2.3744e-08,9.304e-07,5.4574e-08,4.6353e-09,325.53,0,0.025566,5.7018e-09,6.9728e-09,8.6e+16,1.0517e+17,325.53,0.00045221,0.007,0,0.002
133.94,7.333,0.2009,295,0,0,0,31,26.348,3.701e-16,0,0,0,0.00020191,-0.00045281,-5.0526e-07,0,0,0,0,0,0.0009113,0.0007742,1.3017e-06,-6.2423e-07,-2.0546e-07,9.3595e-07,5.121e-08,1.3994e-09,325.89,0,0.025625,8.2212e-09,6.9876e-09,1.24e+17,1.0539e+17,325.89,0.00045281,0.0075,0,0.002
133.97,7.3903,0.13466,295,0,0,0,28.5,26.419,3.8447e-16,0,0,0,0.00020205,-0.00045296,-6.1055e-07,0,0,0,0,0,0.00089896,0.00077626,1.6104e-06,-5.1979e-07,1.6091e-07,9.3865e-07,5.1773e-08,9.4297e-10,325.87,0,0.025437,7.5582e-09,7.0062e-09,1.14e+17,1.0567e+17,325.87,0.00045296,0.008,0,0.002
131.98,8.9757,0.38595,295,0,0,0,24,25.27,3.965e-16,0,0,0,0.00019727,-0.0004413,-4.95e-07,0,0,0,0,0,0.00081702,0.00074157,1.5832e-06,-4.9967e-08,2.2128e-07,8.8466e-07,6.0088e-08,2.55e-09,326.24,0,0.024175,6.3648e-09,6.7016e-09,9.6e+16,1.0108e+17,326.24,0.0004413,0.0085,0,0.002
131.34,9.343,0.090241,295,0,0,0,26.5,25.121,3.4137e-16,0,0,0,0.00019406,-0.00043436,-4.0368e-07,0,0,0,0,0,0.00078773,0.00073553,1.4455e-06,-9.3291e-08,-3.0285e-07,8.7495e-07,6.2286e-08,4.9226e-10,325.73,0,0.0238,7.0278e-09,6.6622e-09,1.06e+17,1.0049e+17,325.73,0.00043436,0.009,0,0.002
132.16,8.2023,0.0075535,295,0,0,0,22.5,26.068,3.7245e-16,0,0,0,0.00019565,-0.0004399,-4.7244e-08,0,0,0,0,0,0.00062646,0.00076187,9.1222e-07,-1.777e-08,-3.9204e-08,9.1363e-07,5.6718e-08,4.8832e-11,324.74,0,0.02452,5.967e-09,6.9133e-09,9e+16,1.0427e+17,324.74,0.0004399,0.0095,0,0.002
132.16,8.1948,0.32902,295,0,0,0,26.5,25.986,3.8328e-16,0,0,0,0.00019696,-0.00044392,-2.0104e-07,0,0,0,0,0,0.00073673,0.00075926,7.5726e-07,4.029e-09,2.9355e-07,9.1081e-07,5.646e-08,2.2676e-09,324.64,0,0.024354,7.0278e-09,6.8915e-09,1.06e+17,1.0394e+17,324.64,0.00044392,0.01,0,0.002
132.3,8.4188,-0.068868,295,0,0,0,30,26.085,3.4283e-16,0,0,0,0.00019896,-0.00044905,5.0933e-07,0,0,0,0,0,0.00082819,0.00076285,1.0737e-06,-9.063e-08,1.7566e-07,9.1521e-07,5.8198e-08,-4.9093e-10,324.9,0,0.024509,7.956e-09,6.9176e-09,1.2e+17,1.0434e+17,324.9,0.00044905,0.0105,0,0.002
132.91,8.1064,-0.77152,295,0,0,0,27,26.154,3.7075e-16,0,0,0,0.00019835,-0.00044688,7.5249e-07,0,0,0,0,0,0.00073927,0.00076709,1.0531e-06,4.6521e-08,-5.2895e-09,9.2188e-07,5.6211e-08,-5.345e-09,325.68,0,0.024874,7.1604e-09,6.9359e-09,1.08e+17,1.0461e+17,325.68,0.00044688,0.011,0,0.002
132.42,8.2048,-0.67822,295,0,0,0,27,26.097,3.7422e-16,0,0,0,0.0001971,-0.00044398,1.4358e-07,0,0,0,0,0,0.00081911,0.00076525,1.1548e-06,1.9054e-07,5.9947e-09,9.1646e-07,5.6781e-08,-4.6921e-09,325.81,0,0.024656,7.1604e-09,6.9209e-09,1.08e+17,1.0439e+17,325.81,0.00044398,0.0115,0,0.002
132.79,7.19,-0.25665,295,0,0,0,23.5,26.198,3.3138e-16,0,0,0,0.00019931,-0.00044897,-2.4987e-07,0,0,0,0,0,0.00075391,0.00076765,1.2724e-06,2.2497e-08,8.405e-08,9.2258e-07,4.9946e-08,-1.7829e-09,325.42,0,0.025028,6.2322e-09,6.9477e-09,9.4e+16,1.0479e+17,325.42,0.00044897,0.012,0,0.002
132.35,8.3329,-0.16645,295,0,0,0,22.5,25.217,3.3422e-16,0,0,0,0.00019725,-0.00044164,-1.6599e-07,0,0,0,0,0,0.0007147,0.00073963,9.1392e-07,1.3057e-08,1.8535e-07,8.8532e-07,5.5302e-08,-1.1357e-09,325.92,0,0.024607,5.967e-09,6.6875e-09,9e+16,1.0087e+17,325.92,0.00044164,0.0125,0,0.002
131.21,9.6482,-0.30334,295,0,0,0,25.5,25.206,3.8084e-16,0,0,0,0.00019648,-0.00043913,-4.98e-07,0,0,0,0,0,0.0008891,0.00073889,1.0433e-06,-2.5622e-07,3.1962e-07,8.7698e-07,6.4441e-08,-2.0882e-09,326.18,0,0.024152,6.7626e-09,6.6845e-09,1.02e+17,1.0082e+17,326.18,0.00043913,0.013,0,0.002
130.79,9.4154,-0.63294,295,0,0,0,27.5,26.254,3.6568e-16,0,0,0,0.00019805,-0.00044433,-4.0888e-07,0,0,0,0,0,0.00076335,0.00076827,9.5631e-07,-3.0234e-07,1.4753e-07,9.1066e-07,6.5555e-08,-4.4067e-09,325.73,0,0.024454,7.293e-09,6.9625e-09,1.1e+17,1.0502e+17,325.73,0.00044433,0.0135,0,0.002
131.01,8.8424,-0.30991,295,0,0,0,27,26.209,3.6235e-16,0,0,0,0.0001971,-0.00044375,7.3223e-07,0,0,0,0,0,0.00067806,0.00076603,8.12e-07,2.3976e-07,-2.1487e-07,9.1059e-07,6.1466e-08,-2.1586e-09,325.23,0,0.024411,7.1604e-09,6.9506e-09,1.08e+17,1.0484e+17,325.23,0.00044375,0.014,0,0.002
132.96,7.5785,-0.19451,295,0,0,0,25,25.229,3.6255e-16,0,0,0,0.00019853,-0.0004462,3.185e-07,0,0,0,0,0,0.00069201,0.00073871,7.268e-07,1.9614e-07,1.6944e-07,8.8921e-07,5.0889e-08,-1.2213e-09,325.1,0,0.024587,6.63e-09,6.6907e-09,1e+17,1.0092e+17,325.1,0.0004462,0.0145,0,0.002
134.62,6.8419,-0.51522,295,0,0,0,22,24.288,3.4417e-16,0,0,0,0.0002007,-0.00044905,-2.4197e-07,0,0,0,0,0,0.00053947,0.0007128,3.516e-07,-6.911e-09,5.9936e-07,8.6707e-07,4.407e-08,-3.3186e-09,325.19,0,0.024814,5.8344e-09,6.4411e-09,8.8e+16,9.7151e+16,325.19,0.00044905,0.015,0,0.002
141.36,-10.112,-0.32891,295,0,0,0,24,24.032,2.7738e-16,0,0,0,0.00015763,-0.00036846,1.5434e-06,0,0,0,0,0,0.00071632,0.0007108,1.1997e-06,2.7265e-07,2.493e-07,9.0094e-07,-6.4449e-08,-2.0963e-09,324.89,0,0.024,6.3648e-09,6.3734e-09,9.6e+16,9.613e+16,324.89,0.00036846,0.015,0,0
142.2,-10.109,0.49283,295,0,0,0,25.5,24.2,3.1969e-16,0,0,0,0.00015966,-0.00037353,6.6118e-07,0,0,0,0,0,0.0007716,0.00071732,9.5616e-07,3.4927e-07,8.4029e-09,9.1263e-07,-6.4879e-08,3.1994e-09,325.28,0,0.024016,6.7626e-09,6.4178e-09,1.02e+17,9.68e+16,325.28,0.00037353,0.0155,0,0
142.95,-10.183,0.97754,295,0,0,0,24.5,24.363,3.7082e-16,0,0,0,0.00016105,-0.00037673,5.979e-08,0,0,0,0,0,0.00072625,0.00072294,6.3443e-07,2.3933e-07,-2.7758e-07,9.2361e-07,-6.5794e-08,6.3163e-09,325.34,0,0.024156,6.4974e-09,6.461e-09,9.8e+16,9.7451e+16,325.34,0.00037673,0.016,0,0
143.44,-10.528,0.095691,295,0,0,0,22,24.328,3.6273e-16,0,0,0,0.00016192,-0.00037731,4.3611e-07,0,0,0,0,0,0.00068372,0.00072214,4.8853e-07,4.9954e-08,-1.2482e-07,9.2549e-07,-6.7923e-08,6.2164e-10,325.2,0,0.024667,5.8344e-09,6.4519e-09,8.8e+16,9.7314e+16,325.2,0.00037731,0.0165,0,0
141.86,-8.7227,-0.23114,295,0,0,0,24.5,24.216,3.4675e-16,0,0,0,0.00015802,-0.00037012,4.9318e-07,0,0,0,0,0,0.00076051,0.00071831,7.6155e-07,1.2409e-07,2.7943e-07,9.1108e-07,-5.6064e-08,-1.4892e-09,325.72,0,0.024155,6.4974e-09,6.4222e-09,9.8e+16,9.6866e+16,325.72,0.00037012,0.017,0,0
140.56,-8.0761,-0.17641,295,0,0,0,22,24.252,3.2752e-16,0,0,0,0.00015612,-0.00036725,1.3104e-08,0,0,0,0,0,0.00066637,0.00071792,9.2899e-07,-2.8588e-07,1.422e-07,9.041e-07,-5.1988e-08,-1.1398e-09,325.61,0,0.023766,5.8344e-09,6.4317e-09,8.8e+16,9.701e+16,325.61,0.00036725,0.0175,0,0
140.72,-8.4339,-0.19913,295,0,0,0,18,24.259,3.1642e-16,0,0,0,0.00015835,-0.00036909,4.2028e-07,0,0,0,0,0,0.00060213,0.00071778,7.9321e-07,-6.5921e-07,-2.9551e-07,9.0535e-07,-5.4292e-08,-1.2853e-09,325.36,0,0.024083,4.7736e-09,6.4336e-09,7.2e+16,9.7037e+16,325.36,0.00036909,0.018,0,0
139.41,-7.2602,-0.2332,295,0,0,0,21,24.069,3.4996e-16,0,0,0,0.00015464,-0.00036078,8.0272e-07,0,0,0,0,0,0.00068879,0.0007118,9.3474e-07,-2.5745e-07,-7.5728e-08,8.8989e-07,-4.6345e-08,-1.4849e-09,325.8,0,0.023682,5.5692e-09,6.3831e-09,8.4e+16,9.6276e+16,325.8,0.00036078,0.0185,0,0
138.95,-7.1425,0.078743,295,0,0,0,24.5,23.987,3.5729e-16,0,0,0,0.00015343,-0.00035963,2.1976e-07,0,0,0,0,0,0.00068567,0.00070882,7.0949e-07,-4.5404e-08,2.5556e-07,8.8395e-07,-4.5436e-08,5.0053e-10,325.72,0,0.023233,6.4974e-09,6.3614e-09,9.8e+16,9.5949e+16,325.72,0.00035963,0.019,0,0
140.74,-8.5579,0.24502,295,0,0,0,29,24.091,3.4113e-16,0,0,0,0.00015676,-0.00036771,2.5903e-07,0,0,0,0,0,0.0007334,0.00071294,8.1716e-07,-2.8061e-08,1.5249e-07,8.992e-07,-5.4715e-08,1.5564e-09,325.42,0,0.023941,7.6908e-09,6.3888e-09,1.16e+17,9.6362e+16,325.42,0.00036771,0.0195,0,0
141.03,-8.5532,-0.10567,295,0,0,0,29.5,24.116,3.6968e-16,0,0,0,0.00015639,-0.00036742,-3.195e-07,0,0,0,0,0,0.00082064,0.00071371,1.0516e-06,-7.3061e-08,3.2456e-07,9.02e-07,-5.4734e-08,-6.752e-10,325.29,0,0.023881,7.8234e-09,6.3956e-09,1.18e+17,9.6465e+16,325.29,0.00036742,0.02,0,0
139.16,-6.8381,-0.035777,295,0,0,0,27.5,24.02,3.8124e-16,0,0,0,0.00015398,-0.00036165,-1.2087e-07,0,0,0,0,0,0.00086169,0.0007086,1.0543e-06,-3.7908e-07,4.0304e-07,8.865e-07,-4.3561e-08,-2.2832e-10,325.04,0,0.023069,7.293e-09,6.3702e-09,1.1e+17,9.6081e+16,325.04,0.00036165,0.0205,0,0
140.7,-8.5966,-0.61043,295,0,0,0,28.5,24.211,4.1136e-16,0,0,0,0.0001587,-0.00037214,9.1134e-08,0,0,0,0,0,0.00088786,0.00071515,1.6255e-06,-2.4606e-07,1.4587e-08,9.0355e-07,-5.5309e-08,-3.9564e-09,324.74,0,0.023991,7.5582e-09,6.4208e-09,1.14e+17,9.6844e+16,324.74,0.00037214,0.021,0,0
142.25,-9.4125,-0.91346,295,0,0,0,27.5,24.335,3.8491e-16,0,0,0,0.00016182,-0.00037703,1.0276e-08,0,0,0,0,0,0.00087039,0.00072115,1.396e-06,-2.3506e-07,2.8292e-08,9.1804e-07,-6.0772e-08,-5.9033e-09,325.2,0,0.024275,7.293e-09,6.4537e-09,1.1e+17,9.7341e+16,325.2,0.00037703,0.0215,0,0
141.46,-8.1715,-0.64146,295,0,0,0,26.5,24.188,3.3235e-16,0,0,0,0.00015926,-0.00036894,5.6527e-07,0,0,0,0,0,0.00084984,0.00071554,9.6892e-07,-4.1848e-08,4.2073e-07,9.0741e-07,-5.2418e-08,-4.1131e-09,324.97,0,0.024332,7.0278e-09,6.4147e-09,1.06e+17,9.6752e+16,324.97,0.00036894,0.022,0,0
141.99,-8.6385,-0.49519,295,0,0,0,22.5,24.152,3.8141e-16,0,0,0,0.00015855,-0.00036871,-6.3713e-08,0,0,0,0,0,0.00070901,0.00071305,8.8087e-07,7.0455e-08,3.1202e-07,9.0946e-07,-5.5334e-08,-3.1699e-09,324.01,0,0.024591,5.967e-09,6.405e-09,9e+16,9.6607e+16,324.01,0.00036871,0.0225,0,0
142.58,-9.2241,-0.37323,295,0,0,0,22,24.155,4.0305e-16,0,0,0,0.00015843,-0.00037063,-7.2197e-07,0,0,0,0,0,0.00078558,0.00071522,9.8229e-07,-5.5047e-07,-1.9487e-07,9.1331e-07,-5.9087e-08,-2.39e-09,324.77,0,0.024231,5.8344e-09,6.4058e-09,8.8e+16,9.6618e+16,324.77,0.00037063,0.023,0,0
141.23,-8.5676,-0.22788,295,0,0,0,23,24.118,3.6322e-16,0,0,0,0.00015705,-0.00036824,-1.5416e-08,0,0,0,0,0,0.00085728,0.00071383,9.4793e-07,-3.2428e-07,-5.4325e-07,9.0332e-07,-5.4801e-08,-1.4583e-09,325.25,0,0.023891,6.0996e-09,6.396e-09,9.2e+16,9.647e+16,325.25,0.00036824,0.0235,0,0
141.67,-8.9793,-0.10623,295,0,0,0,22,24.247,3.2996e-16,0,0,0,0.00015885,-0.00037347,5.9024e-07,0,0,0,0,0,0.00068824,0.00071812,6.2832e-07,-4.1447e-09,-2.9505e-07,9.1109e-07,-5.7784e-08,-6.8862e-10,325.25,0,0.024204,5.8344e-09,6.4304e-09,8.8e+16,9.699e+16,325.25,0.00037347,0.024,0,0
141.94,-8.5999,-0.0065434,295,0,0,0,22.5,24.228,3.2346e-16,0,0,0,0.00015876,-0.00037236,7.1314e-07,0,0,0,0,0,0.00053389,0.00071884,7.6445e-07,4.2979e-08,-6.0871e-08,9.1204e-07,-5.5322e-08,-5.2606e-11,325.79,0,0.024302,5.967e-09,6.4252e-09,9e+16,9.6911e+16,325.79,0.00037236,0.0245,0,0
142.82,-9.1799,-0.14672,295,0,0,0,25.5,24.173,3.3621e-16,0,0,0,0.00015895,-0.00037319,4.6932e-07,0,0,0,0,0,0.00065627,0.000717,1.2026e-06,6.275e-08,-3.0048e-07,9.1561e-07,-5.8909e-08,-9.5146e-10,325.26,0,0.024102,6.7626e-09,6.4107e-09,1.02e+17,9.6692e+16,325.26,0.00037319,0.025,0,0
143.71,-9.7766,0.16691,295,0,0,0,27.5,24.187,3.665e-16,0,0,0,0.00016015,-0.000375,-4.2176e-07,0,0,0,0,0,0.00090825,0.00071794,1.5483e-06,-1.7765e-07,-4.2295e-07,9.2186e-07,-6.2747e-08,1.0534e-09,325.11,0,0.02423,7.293e-09,6.4143e-09,1.1e+17,9.6746e+16,325.11,0.000375,0.0255,0,0
143,-9.1362,0.56215,295,0,0,0,24,24.144,3.756e-16,0,0,0,0.00016005,-0.00037291,-2.4018e-07,0,0,0,0,0,0.00087448,0.00071628,1.2776e-06,2.2239e-07,-3.0018e-07,9.1565e-07,-5.8512e-08,3.5954e-09,325.25,0,0.024092,6.3648e-09,6.4031e-09,9.6e+16,9.6578e+16,325.25,0.00037291,0.026,0,0
144.95,-10.363,0.44078,295,0,0,0,21,24.236,3.5724e-16,0,0,0,0.00016358,-0.00038046,-3.3838e-07,0,0,0,0,0,0.00075606,0.00071979,1.1043e-06,3.3702e-07,-7.5927e-08,9.3164e-07,-6.6612e-08,2.8351e-09,324.71,0,0.024259,5.5692e-09,6.4273e-09,8.4e+16,9.6943e+16,324.71,0.00038046,0.0265,0,0
146.32,-10.449,0.16156,295,0,0,0,22.5,24.214,3.4677e-16,0,0,0,0.00016421,-0.00037968,-6.9332e-07,0,0,0,0,0,0.00083027,0.00072078,1.0159e-06,-4.1835e-08,1.006e-08,9.3963e-07,-6.7101e-08,1.0452e-09,324.88,0,0.024661,5.967e-09,6.4217e-09,9e+16,9.6857e+16,324.88,0.00037968,0.027,0,0
145.73,-9.8116,-0.4151,295,0,0,0,25.5,24.158,3.6259e-16,0,0,0,0.00016246,-0.00037752,1.6276e-07,0,0,0,0,0,0.00092184,0.00071775,8.5943e-07,4.3117e-08,-9.6995e-08,9.3367e-07,-6.286e-08,-2.6597e-09,324.5,0,0.024618,6.7626e-09,6.4068e-09,1.02e+17,9.6634e+16,324.5,0.00037752,0.0275,0,0
146.08,-10.241,-0.49799,295,0,0,0,24.5,24.085,3.8098e-16,0,0,0,0.00016254,-0.00037851,6.5584e-08,0,0,0,0,0,0.00080168,0.0007145,9.2133e-07,1.6927e-07,-1.5874e-07,9.3306e-07,-6.5397e-08,-3.1815e-09,323.78,0,0.024479,6.4974e-09,6.3875e-09,9.8e+16,9.6342e+16,323.78,0.00037851,0.028,0,0
147.94,-11.241,-0.085382,295,0,0,0,24.5,24.03,3.4296e-16,0,0,0,0.00016278,-0.00037775,-4.5023e-07,0,0,0,0,0,0.00070284,0.00071422,1.057e-06,-2.9346e-07,-3.1831e-07,9.4278e-07,-7.1639e-08,-5.4164e-10,323.55,0,0.024854,6.4974e-09,6.3728e-09,9.8e+16,9.6121e+16,323.55,0.00037775,0.0285,0,0
151.07,-11.262,0.35854,295,0,0,0,25,23.935,3.318e-16,0,0,0,0.00016105,-0.00037668,3.7985e-07,0,0,0,0,0,0.00078057,0.00071247,1.2012e-06,-3.8546e-07,-1.4115e-07,9.5882e-07,-7.1492e-08,2.2739e-09,322.6,0,0.024901,6.63e-09,6.3475e-09,1e+17,9.5739e+16,322.6,0.00037668,0.029,0,0
165.1,-16.413,-0.19092,295,0,0,0,21,23.201,3.3279e-16,0,0,0,0.00016168,-0.00037822,7.9131e-07,0,0,0,0,0,0.0007264,0.00069315,1.0947e-06,-1.1122e-07,2.9248e-07,1.014e-06,-1.0013e-07,-1.0754e-09,316.34,0,0.024669,5.5692e-09,6.153e-09,8.4e+16,9.2805e+16,316.34,0.00037822,0.0295,0,0
176.94,-21.725,-0.80145,295,0,0,0,17,22.588,2.9922e-16,0,0,0,0.00016364,-0.00038029,5.7621e-07,0,0,0,0,0,0.00056678,0.00067682,9.1826e-07,-2.1201e-07,3.0815e-07,1.0599e-06,-1.3014e-07,-4.8009e-09,310.84,0,0.024653,4.5084e-09,5.9903e-09,6.8e+16,9.0351e+16,310.84,0.00038029,0.03,0,0
136.15,-0.40756,-0.46938,295,0,0,0,26,25.162,3.1801e-16,0,0,0,0.00017847,-0.00040683,1.4835e-06,0,0,0,0,0,0.00070253,0.00073993,1.1808e-06,2.023e-07,9.7012e-08,9.0698e-07,1.8757e-10,-3.1742e-09,325.21,0,0.024606,6.8952e-09,6.673e-09,1.04e+17,1.0065e+17,325.21,0.00040683,0.015,0,0.001
136.42,-0.52428,0.21295,295,0,0,0,27.5,25.199,3.2994e-16,0,0,0,0.00017833,-0.00040813,5.7022e-07,0,0,0,0,0,0.0007896,0.00074147,1.1426e-06,7.7985e-08,1.8636e-08,9.1014e-07,-9.6208e-10,1.3604e-09,325.31,0,0.024412,7.293e-09,6.6827e-09,1.1e+17,1.0079e+17,325.31,0.00040813,0.0155,0,0.001
136.61,-0.45701,0.61569,295,0,0,0,25.5,25.237,3.2905e-16,0,0,0,0.00017855,-0.00040932,-2.3304e-07,0,0,0,0,0,0.00074617,0.00074282,9.1117e-07,-2.991e-08,-1.9198e-07,9.1286e-07,-8.0265e-10,4.0368e-09,325.32,0,0.024383,6.7626e-09,6.6929e-09,1.02e+17,1.0095e+17,325.32,0.00040932,0.016,0,0.001
136.7,-0.28172,0.072327,295,0,0,0,22.5,25.2,3.2894e-16,0,0,0,0.00017915,-0.00040904,1.4771e-08,0,0,0,0,0,0.0006895,0.00074183,7.222e-07,2.2925e-08,-4.9913e-08,9.1199e-07,4.8396e-10,4.7997e-10,325.31,0,0.024569,5.967e-09,6.683e-09,9e+16,1.008e+17,325.31,0.00040904,0.0165,0,0.001
136.6,-0.20364,-0.13821,295,0,0,0,22,25.172,3.5362e-16,0,0,0,0.0001783,-0.00040881,2.3195e-07,0,0,0,0,0,0.00069023,0.000741,7.6889e-07,2.5612e-07,2.3209e-07,9.1057e-07,7.5016e-10,-9.0305e-10,325.42,0,0.024485,5.8344e-09,6.6756e-09,8.8e+16,1.0069e+17,325.42,0.00040881,0.017,0,0.001
136.42,-0.27174,-0.030785,295,0,0,0,23.5,25.187,3.5983e-16,0,0,0,0.0001776,-0.00040839,1.9378e-07,0,0,0,0,0,0.00072456,0.00074081,6.513e-07,1.9578e-08,2.901e-08,9.102e-07,7.9974e-11,-1.7616e-10,325.22,0,0.024309,6.2322e-09,6.6796e-09,9.4e+16,1.0075e+17,325.22,0.00040839,0.0175,0,0.001
136.55,-0.39881,0.023381,295,0,0,0,26,25.179,3.4563e-16,0,0,0,0.00017843,-0.00040833,6.8248e-07,0,0,0,0,0,0.00082531,0.00074056,8.3226e-07,-2.9915e-07,-1.662e-07,9.1084e-07,-7.3057e-10,2.0665e-10,325.14,0,0.024434,6.8952e-09,6.6776e-09,1.04e+17,1.0072e+17,325.14,0.00040833,0.018,0,0.001
136.53,-0.22645,-0.30597,295,0,0,0,24.25,25.167,3.4308e-16,0,0,0,0.00017909,-0.00040916,6.1625e-07,0,0,0,0,0,0.00074581,0.0007403,9.8826e-07,8.2618e-09,4.2046e-09,9.1039e-07,5.379e-10,-2.0664e-09,325.24,0,0.024678,6.4311e-09,6.6743e-09,9.7e+16,1.0067e+17,325.24,0.00040916,0.0185,0,0.001
136.23,-0.23397,-0.12402,295,0,0,0,23.75,25.161,3.4627e-16,0,0,0,0.00017908,-0.00040962,-2.3372e-07,0,0,0,0,0,0.00068597,0.00073985,6.685e-07,1.6705e-07,2.2806e-07,9.0814e-07,5.8857e-10,-8.9135e-10,325.25,0,0.024516,6.2985e-09,6.6726e-09,9.5e+16,1.0064e+17,325.25,0.00040962,0.019,0,0.001
136.38,-0.48163,0.14718,295,0,0,0,27,25.144,3.427e-16,0,0,0,0.00017855,-0.00040939,-1.5732e-07,0,0,0,0,0,0.00076916,0.00073974,9.7216e-07,-1.8411e-08,8.9913e-08,9.082e-07,-9.9656e-10,9.5228e-10,325.32,0,0.024547,7.1604e-09,6.6682e-09,1.08e+17,1.0058e+17,325.32,0.00040939,0.0195,0,0.001
136.66,-0.42751,-0.077088,295,0,0,0,28.5,25.147,3.6197e-16,0,0,0,0.00017805,-0.0004088,-2.8826e-08,0,0,0,0,0,0.00086062,0.00073962,1.302e-06,-1.6232e-07,-1.5479e-07,9.1023e-07,-6.6122e-10,-5.0506e-10,325.09,0,0.024533,7.5582e-09,6.6691e-09,1.14e+17,1.0059e+17,325.09,0.0004088,0.02,0,0.001
136.42,-0.24214,-0.2003,295,0,0,0,27.75,25.152,3.6847e-16,0,0,0,0.0001783,-0.00040849,2.6309e-07,0,0,0,0,0,0.00085203,0.00073907,9.9417e-07,-1.5696e-07,-1.0088e-07,9.0914e-07,3.6441e-10,-1.3855e-09,324.9,0,0.024422,7.3593e-09,6.6704e-09,1.11e+17,1.0061e+17,324.9,0.00040849,0.0205,0,0.001
136.32,-0.26242,-0.53712,295,0,0,0,25.5,25.169,3.7657e-16,0,0,0,0.00017839,-0.00040855,4.549e-07,0,0,0,0,0,0.00074878,0.000739,1.0801e-06,-3.7039e-08,-3.3162e-09,9.0885e-07,2.6955e-10,-3.5907e-09,324.62,0,0.024272,6.7626e-09,6.6747e-09,1.02e+17,1.0067e+17,324.62,0.00040855,0.021,0,0.001
136.59,-0.25214,-0.44664,295,0,0,0,24.75,25.146,3.6301e-16,0,0,0,0.0001783,-0.00040786,2.8838e-07,0,0,0,0,0,0.00073459,0.00073906,1.0982e-06,-6.2309e-08,1.5017e-07,9.0963e-07,2.7627e-10,-2.8827e-09,324.84,0,0.024165,6.5637e-09,6.6686e-09,9.9e+16,1.0058e+17,324.84,0.00040786,0.0215,0,0.001
136.57,-0.26466,-0.444,295,0,0,0,26,25.132,3.3018e-16,0,0,0,0.00017833,-0.00040776,2.5559e-07,0,0,0,0,0,0.00077903,0.00073804,1.0745e-06,-6.8519e-08,2.2106e-07,9.09e-07,2.1159e-10,-2.9174e-09,324.61,0,0.024614,6.8952e-09,6.6649e-09,1.04e+17,1.0053e+17,324.61,0.00040776,0.022,0,0.001
136.57,-0.35795,-0.52277,295,0,0,0,23.25,25.134,3.6316e-16,0,0,0,0.00017758,-0.00040748,-6.6256e-08,0,0,0,0,0,0.00066104,0.00073706,1.0758e-06,2.2075e-09,1.322e-08,9.089e-07,-2.3658e-10,-3.4929e-09,324.08,0,0.024507,6.1659e-09,6.6655e-09,9.3e+16,1.0054e+17,324.08,0.00040748,0.0225,0,0.001
136.88,-0.43626,-0.48838,295,0,0,0,24,25.089,3.9638e-16,0,0,0,0.00017703,-0.00040663,-4.3255e-07,0,0,0,0,0,0.00071786,0.00073697,1.017e-06,-2.6787e-07,-2.6228e-08,9.0936e-07,-7.239e-10,-3.2778e-09,324.52,0,0.024273,6.3648e-09,6.6537e-09,9.6e+16,1.0036e+17,324.52,0.00040663,0.023,0,0.001
136.77,-0.4689,-0.25271,295,0,0,0,24.5,25.146,3.545e-16,0,0,0,0.00017745,-0.00040789,3.0274e-08,0,0,0,0,0,0.00078286,0.00073893,8.8841e-07,-2.5288e-07,-1.313e-07,9.1087e-07,-9.3303e-10,-1.6817e-09,324.75,0,0.024255,6.4974e-09,6.6687e-09,9.8e+16,1.0058e+17,324.75,0.00040789,0.0235,0,0.001
136.77,-0.36684,0.020915,295,0,0,0,22.5,25.232,3.3281e-16,0,0,0,0.00017806,-0.00040971,3.4397e-07,0,0,0,0,0,0.00065481,0.00074172,6.9047e-07,-1.085e-08,-1.1261e-07,9.1397e-07,-2.4739e-10,1.7207e-10,324.85,0,0.024401,5.967e-09,6.6914e-09,9e+16,1.0093e+17,324.85,0.00040971,0.024,0,0.001
136.94,-0.26201,0.063984,295,0,0,0,25.75,25.22,3.4158e-16,0,0,0,0.0001784,-0.00040993,5.3422e-07,0,0,0,0,0,0.00063156,0.00074192,1.0807e-06,2.3626e-09,-3.9456e-08,9.1467e-07,3.8897e-10,4.4271e-10,325.05,0,0.024606,6.8289e-09,6.6884e-09,1.03e+17,1.0088e+17,325.05,0.00040993,0.0245,0,0.001
137.29,-0.30996,-0.07705,295,0,0,0,28.25,25.178,3.359e-16,0,0,0,0.00017822,-0.00040911,8.2212e-07,0,0,0,0,0,0.00077414,0.00074049,1.3583e-06,-7.0497e-09,-2.5147e-07,9.1529e-07,2.3004e-10,-4.9696e-10,324.78,0,0.024343,7.4919e-09,6.6772e-09,1.13e+17,1.0071e+17,324.78,0.00040911,0.025,0,0.001
137.64,-0.38779,0.17628,295,0,0,0,28.5,25.137,3.4899e-16,0,0,0,0.00017822,-0.00040875,1.7689e-07,0,0,0,0,0,0.00095581,0.00073942,1.3119e-06,-3.132e-08,-2.785e-07,9.1605e-07,-2.4512e-10,1.1711e-09,324.68,0,0.02425,7.5582e-09,6.6663e-09,1.14e+17,1.0055e+17,324.68,0.00040875,0.0255,0,0.001
137.52,-0.42816,0.48433,295,0,0,0,26.25,25.147,3.6732e-16,0,0,0,0.00017861,-0.00040893,-1.408e-07,0,0,0,0,0,0.00083229,0.00073984,9.6038e-07,2.4713e-07,-3.2115e-07,9.1565e-07,-5.4423e-10,3.2065e-09,324.83,0,0.024292,6.9615e-09,6.6689e-09,1.05e+17,1.0059e+17,324.83,0.00040893,0.026,0,0.001
137.93,-0.42669,0.31273,295,0,0,0,25,25.144,3.7586e-16,0,0,0,0.00017909,-0.00040987,-1.8564e-07,0,0,0,0,0,0.00071368,0.00073991,7.4165e-07,4.7733e-07,-1.5943e-07,9.1808e-07,-4.6076e-10,2.0555e-09,324.65,0,0.024288,6.63e-09,6.6682e-09,1e+17,1.0058e+17,324.65,0.00040987,0.0265,0,0.001
138.58,-0.35582,0.17017,295,0,0,0,25.25,25.063,3.6331e-16,0,0,0,0.00017946,-0.00041025,-1.5808e-07,0,0,0,0,0,0.00082011,0.00073801,9.0619e-07,1.8107e-07,7.9387e-09,9.1935e-07,-9.5628e-11,1.1369e-09,324.59,0,0.024364,6.6963e-09,6.6467e-09,1.01e+17,1.0025e+17,324.59,0.00041025,0.027,0,0.001
138.97,-0.29998,-0.39744,295,0,0,0,25,25.02,3.5828e-16,0,0,0,0.00017909,-0.00040965,2.7247e-07,0,0,0,0,0,0.00084174,0.00073635,9.0214e-07,-7.3395e-08,-1.1269e-07,9.2053e-07,1.8336e-10,-2.6325e-09,324.25,0,0.02434,6.63e-09,6.6353e-09,1e+17,1.0008e+17,324.25,0.00040965,0.0275,0,0.001
139.43,-0.3611,-0.364,295,0,0,0,25,24.99,3.6246e-16,0,0,0,0.00017837,-0.00040876,-2.4843e-07,0,0,0,0,0,0.00076325,0.00073531,9.4048e-07,-5.6669e-08,-4.494e-09,9.2245e-07,-1.2065e-11,-2.3783e-09,323.95,0,0.024252,6.63e-09,6.6274e-09,1e+17,9.9961e+16,323.95,0.00040876,0.028,0,0.001
140.57,-0.69181,0.053538,295,0,0,0,24.75,24.951,3.4563e-16,0,0,0,0.00017808,-0.00040914,-4.1644e-07,0,0,0,0,0,0.00072492,0.00073422,9.9356e-07,-3.03e-07,-1.4972e-07,9.2838e-07,-2.0006e-09,3.9116e-10,323.45,0,0.024302,6.5637e-09,6.617e-09,9.9e+16,9.9804e+16,323.45,0.00040914,0.0285,0,0.001
144.02,-1.1086,0.229,295,0,0,0,26,24.815,3.4884e-16,0,0,0,0.00017809,-0.00041009,9.3406e-08,0,0,0,0,0,0.00086069,0.00073101,1.0705e-06,-3.4206e-07,-1.8987e-07,9.4603e-07,-4.9195e-09,1.4726e-09,322.28,0,0.024443,6.8952e-09,6.5809e-09,1.04e+17,9.9259e+16,322.28,0.00041009,0.029,0,0.001
156.85,-5.2215,-0.085726,295,0,0,0,22.75,24.115,3.5664e-16,0,0,0,0.00017844,-0.00040978,9.7768e-08,0,0,0,0,0,0.00077517,0.00071286,1.0136e-06,3.6759e-10,2.085e-07,9.995e-07,-3.0067e-08,-4.5411e-10,317.07,0,0.024546,6.0333e-09,6.3953e-09,9.1e+16,9.646e+16,317.07,0.00040978,0.0295,0,0.001
167.18,-9.1564,-0.52457,295,0,0,0,18.5,23.54,3.4257e-16,0,0,0,0.0001789,-0.00040968,1.6355e-07,0,0,0,0,0,0.00056302,0.00069747,8.1091e-07,8.3326e-08,3.5245e-07,1.0412e-06,-5.3988e-08,-3.2049e-09,312.55,0,0.024581,4.9062e-09,6.2429e-09,7.4e+16,9.4161e+16,312.55,0.00040968,0.03,0,0.001
130.95,9.297,-0.60984,295,0,0,0,28,26.292,3.5864e-16,0,0,0,0.00019932,-0.00044521,1.4235e-06,0,0,0,0,0,0.00068873,0.00076906,1.1618e-06,1.3195e-07,-5.5272e-08,9.1302e-07,6.4824e-08,-4.2522e-09,325.52,0,0.025212,7.4256e-09,6.9725e-09,1.12e+17,1.0517e+17,325.52,0.00044521,0.015,0,0.002
130.64,9.0606,-0.066924,295,0,0,0,29.5,26.197,3.402e-16,0,0,0,0.000197,-0.00044274,4.7927e-07,0,0,0,0,0,0.00080759,0.00076562,1.3289e-06,-1.933e-07,2.8869e-08,9.0765e-07,6.2954e-08,-4.7855e-10,325.34,0,0.024809,7.8234e-09,6.9475e-09,1.18e+17,1.0479e+17,325.34,0.00044274,0.0155,0,0.002
130.27,9.2694,0.25383,295,0,0,0,26.5,26.111,2.8729e-16,0,0,0,0.00019605,-0.0004419,-5.2588e-07,0,0,0,0,0,0.00076609,0.0007627,1.1879e-06,-2.9915e-07,-1.0637e-07,9.021e-07,6.4189e-08,1.7572e-09,325.3,0,0.024611,7.0278e-09,6.9248e-09,1.06e+17,1.0445e+17,325.3,0.0004419,0.016,0,0.002
129.95,9.9644,0.048963,295,0,0,0,23,26.071,2.9514e-16,0,0,0,0.00019638,-0.00044077,-4.0657e-07,0,0,0,0,0,0.00069527,0.00076153,9.5587e-07,-4.1037e-09,2.4996e-08,8.985e-07,6.8891e-08,3.383e-10,325.42,0,0.024471,6.0996e-09,6.914e-09,9.2e+16,1.0428e+17,325.42,0.00044077,0.0165,0,0.002
131.33,8.3154,-0.045285,295,0,0,0,19.5,26.128,3.6049e-16,0,0,0,0.00019859,-0.00044751,-2.9278e-08,0,0,0,0,0,0.00061996,0.00076369,7.7623e-07,3.8816e-07,1.8476e-07,9.1006e-07,5.7565e-08,-3.1692e-10,325.11,0,0.024815,5.1714e-09,6.9291e-09,7.8e+16,1.0451e+17,325.11,0.00044751,0.017,0,0.002
132.27,7.5326,0.11484,295,0,0,0,25,26.121,3.9213e-16,0,0,0,0.00019907,-0.00044954,3.7446e-07,0,0,0,0,0,0.00078274,0.00076371,3.7361e-07,3.2503e-07,-8.4177e-08,9.163e-07,5.2148e-08,7.8747e-10,324.84,0,0.024852,6.63e-09,6.9274e-09,1e+17,1.0449e+17,324.84,0.00044954,0.0175,0,0.002
132.39,7.6363,0.24589,295,0,0,0,34,26.099,3.7484e-16,0,0,0,0.00019851,-0.00044757,9.4469e-07,0,0,0,0,0,0.0010485,0.00076334,8.7131e-07,6.0908e-08,-3.6893e-08,9.1633e-07,5.283e-08,1.6986e-09,324.91,0,0.024784,9.0168e-09,6.9216e-09,1.36e+17,1.044e+17,324.91,0.00044757,0.018,0,0.002
133.64,6.8073,-0.37874,295,0,0,0,27.5,26.265,3.3621e-16,0,0,0,0.00020354,-0.00045753,4.2978e-07,0,0,0,0,0,0.00080283,0.00076879,1.0418e-06,2.7398e-07,8.4137e-08,9.3089e-07,4.7421e-08,-2.6479e-09,324.67,0,0.025674,7.293e-09,6.9656e-09,1.1e+17,1.0506e+17,324.67,0.00045753,0.0185,0,0.002
133.5,6.6745,-0.32679,295,0,0,0,23,26.334,3.3524e-16,0,0,0,0.00020472,-0.00045961,-6.8719e-07,0,0,0,0,0,0.00068626,0.00077088,6.2751e-07,3.7951e-07,2.0056e-07,9.3234e-07,4.6614e-08,-2.2832e-09,324.78,0,0.025799,6.0996e-09,6.9837e-09,9.2e+16,1.0533e+17,324.78,0.00045961,0.019,0,0.002
132.01,7.5946,0.049329,295,0,0,0,25,26.197,3.4427e-16,0,0,0,0.00020034,-0.00045107,-5.7367e-07,0,0,0,0,0,0.00080492,0.00076655,1.1272e-06,-8.7604e-09,2.7331e-08,9.1721e-07,5.2722e-08,3.4818e-10,325.23,0,0.025153,6.63e-09,6.9475e-09,1e+17,1.0479e+17,325.23,0.00045107,0.0195,0,0.002
132.29,7.6982,-0.048502,295,0,0,0,27.5,26.178,3.5426e-16,0,0,0,0.0001997,-0.00045019,2.6184e-07,0,0,0,0,0,0.0009006,0.00076552,1.5524e-06,-2.5158e-07,-6.3414e-07,9.1845e-07,5.3411e-08,-3.3492e-10,324.89,0,0.025185,7.293e-09,6.9425e-09,1.1e+17,1.0471e+17,324.89,0.00045019,0.02,0,0.002
133.67,6.3538,-0.36482,295,0,0,0,28,26.284,3.5569e-16,0,0,0,0.00020262,-0.00045534,6.4706e-07,0,0,0,0,0,0.00084237,0.00076955,9.3407e-07,6.5161e-08,-6.048e-07,9.3179e-07,4.429e-08,-2.5426e-09,324.77,0,0.025774,7.4256e-09,6.9706e-09,1.12e+17,1.0514e+17,324.77,0.00045534,0.0205,0,0.002
131.93,8.0718,-0.46382,295,0,0,0,22.5,26.126,3.4177e-16,0,0,0,0.00019808,-0.00044496,8.1866e-07,0,0,0,0,0,0.00060971,0.00076286,5.3471e-07,1.7199e-07,-2.1219e-08,9.1415e-07,5.5848e-08,-3.2251e-09,324.49,0,0.024552,5.967e-09,6.9287e-09,9e+16,1.0451e+17,324.49,0.00044496,0.021,0,0.002
130.92,8.9082,0.020167,295,0,0,0,22,25.956,3.4111e-16,0,0,0,0.00019478,-0.00043868,5.6648e-07,0,0,0,0,0,0.0005988,0.00075696,8.0041e-07,1.1044e-07,2.7205e-07,9.0121e-07,6.1325e-08,1.3795e-10,324.48,0,0.024055,5.8344e-09,6.8836e-09,8.8e+16,1.0382e+17,324.48,0.00043868,0.0215,0,0.002
131.68,7.6422,-0.24654,295,0,0,0,25.5,26.075,3.2801e-16,0,0,0,0.00019741,-0.00044659,-5.4091e-08,0,0,0,0,0,0.00070821,0.00076054,1.1801e-06,-9.5191e-08,2.138e-08,9.1059e-07,5.2841e-08,-1.7218e-09,324.24,0,0.024896,6.7626e-09,6.9152e-09,1.02e+17,1.043e+17,324.24,0.00044659,0.022,0,0.002
131.15,7.9227,-0.55035,295,0,0,0,24,26.116,3.449e-16,0,0,0,0.00019661,-0.00044625,-6.8799e-08,0,0,0,0,0,0.00061307,0.00076107,1.2708e-06,-6.604e-08,-2.8558e-07,9.0835e-07,5.4861e-08,-3.8159e-09,324.16,0,0.024423,6.3648e-09,6.926e-09,9.6e+16,1.0446e+17,324.16,0.00044625,0.0225,0,0.002
131.19,8.3516,-0.60354,295,0,0,0,26,26.024,3.8972e-16,0,0,0,0.00019563,-0.00044263,-1.4314e-07,0,0,0,0,0,0.00065014,0.00075871,1.0518e-06,1.4733e-08,1.4241e-07,9.0541e-07,5.7639e-08,-4.1656e-09,324.28,0,0.024314,6.8952e-09,6.9016e-09,1.04e+17,1.041e+17,324.28,0.00044263,0.023,0,0.002
132.31,7.6298,-0.27754,295,0,0,0,26,26.174,3.4578e-16,0,0,0,0.00019784,-0.00044755,7.5963e-08,0,0,0,0,0,0.00070845,0.00076402,8.2888e-07,-1.8148e-07,2.8065e-07,9.1842e-07,5.2935e-08,-1.9052e-09,324.25,0,0.02462,6.8952e-09,6.9414e-09,1.04e+17,1.047e+17,324.25,0.00044755,0.0235,0,0.002
131.87,8.2456,0.14806,295,0,0,0,23,26.216,3.3565e-16,0,0,0,0.00019726,-0.00044594,9.7709e-08,0,0,0,0,0,0.00062138,0.00076532,7.5261e-07,-1.7555e-08,6.9831e-08,9.1685e-07,5.729e-08,1.0328e-09,324.46,0,0.024597,6.0996e-09,6.9524e-09,9.2e+16,1.0486e+17,324.46,0.00044594,0.024,0,0.002
131.95,8.0758,0.13451,295,0,0,0,29,26.213,3.5971e-16,0,0,0,0.00019803,-0.0004475,3.5531e-07,0,0,0,0,0,0.00072924,0.000765,1.397e-06,-3.8253e-08,-1.8042e-08,9.173e-07,5.61e-08,9.3803e-10,324.31,0,0.024911,7.6908e-09,6.9517e-09,1.16e+17,1.0485e+17,324.31,0.0004475,0.0245,0,0.002
131.76,8.56,-0.0073844,295,0,0,0,31,26.183,3.356e-16,0,0,0,0.00019749,-0.00044503,1.1749e-06,0,0,0,0,0,0.00089202,0.00076399,1.514e-06,-7.685e-08,-2.0246e-07,9.1498e-07,5.9369e-08,-4.2469e-11,324.31,0,0.024584,8.2212e-09,6.9438e-09,1.24e+17,1.0473e+17,324.31,0.00044503,0.025,0,0.002
131.57,9.001,0.18565,295,0,0,0,29.5,26.087,3.3149e-16,0,0,0,0.0001963,-0.00044249,7.7555e-07,0,0,0,0,0,0.0010034,0.00076089,1.0755e-06,1.1501e-07,-1.3405e-07,9.1024e-07,6.2257e-08,1.2888e-09,324.25,0,0.024271,7.8234e-09,6.9183e-09,1.18e+17,1.0435e+17,324.25,0.00044249,0.0255,0,0.002
132.04,8.2799,0.4065,295,0,0,0,28.5,26.149,3.5904e-16,0,0,0,0.00019718,-0.00044495,-4.1419e-08,0,0,0,0,0,0.00079011,0.00076341,6.4317e-07,2.7188e-07,-3.4213e-07,9.1564e-07,5.7423e-08,2.8175e-09,324.41,0,0.024491,7.5582e-09,6.9347e-09,1.14e+17,1.046e+17,324.41,0.00044495,0.026,0,0.002
130.92,9.5099,0.18467,295,0,0,0,29,26.052,3.9448e-16,0,0,0,0.00019459,-0.00043927,-3.2906e-08,0,0,0,0,0,0.0006713,0.00076002,3.7898e-07,6.1764e-07,-2.4293e-07,9.0452e-07,6.5691e-08,1.2759e-09,324.59,0,0.024318,7.6908e-09,6.909e-09,1.16e+17,1.0421e+17,324.59,0.00043927,0.0265,0,0.002
130.84,9.737,0.17878,295,0,0,0,28,25.911,3.7985e-16,0,0,0,0.00019471,-0.00044083,3.7715e-07,0,0,0,0,0,0.00080994,0.00075523,7.9644e-07,4.0396e-07,5.8171e-09,8.9906e-07,6.691e-08,1.2286e-09,324.3,0,0.024067,7.4256e-09,6.8717e-09,1.12e+17,1.0364e+17,324.3,0.00044083,0.027,0,0.002
132.2,9.2116,-0.37979,295,0,0,0,24.5,25.881,3.5396e-16,0,0,0,0.00019571,-0.00044178,3.8219e-07,0,0,0,0,0,0.00076164,0.00075494,9.4485e-07,-1.8991e-07,-1.2839e-07,9.0739e-07,6.3227e-08,-2.6053e-09,324.01,0,0.024061,6.4974e-09,6.8637e-09,9.8e+16,1.0353e+17,324.01,0.00044178,0.0275,0,0.002
132.78,9.5189,-0.23,295,0,0,0,25.5,25.895,3.4393e-16,0,0,0,0.0001942,-0.000439,-5.6243e-07,0,0,0,0,0,0.00072481,0.00075613,9.5962e-07,-2.8261e-07,1.4975e-07,9.1183e-07,6.5373e-08,-1.5751e-09,324.12,0,0.024025,6.7626e-09,6.8673e-09,1.02e+17,1.0358e+17,324.12,0.000439,0.028,0,0.002
133.21,9.8575,0.19246,295,0,0,0,25,25.872,3.483e-16,0,0,0,0.00019338,-0.00044052,-3.8264e-07,0,0,0,0,0,0.000747,0.00075422,9.3013e-07,-3.1255e-07,1.8865e-08,9.1397e-07,6.7637e-08,1.324e-09,323.35,0,0.02375,6.63e-09,6.8612e-09,1e+17,1.0349e+17,323.35,0.00044052,0.0285,0,0.002
136.97,9.0451,0.099458,295,0,0,0,27,25.695,3.6587e-16,0,0,0,0.00019513,-0.00044351,-1.9304e-07,0,0,0,0,0,0.00094082,0.00074954,9.3984e-07,-2.9867e-07,-2.3859e-07,9.3325e-07,6.1653e-08,6.7126e-10,321.97,0,0.023985,7.1604e-09,6.8142e-09,1.08e+17,1.0278e+17,321.97,0.00044351,0.029,0,0.002
148.59,5.9701,0.019462,295,0,0,0,24.5,25.029,3.8049e-16,0,0,0,0.0001952,-0.00044134,-5.9577e-07,0,0,0,0,0,0.00082394,0.00073258,9.3246e-07,1.1196e-07,1.2451e-07,9.8505e-07,3.9991e-08,1.6715e-10,317.81,0,0.024424,6.4974e-09,6.6376e-09,9.8e+16,1.0011e+17,317.81,0.00044134,0.0295,0,0.002
157.41,3.4117,-0.24769,295,0,0,0,20,24.493,3.8593e-16,0,0,0,0.00019416,-0.00043908,-2.4911e-07,0,0,0,0,0,0.00055926,0.00071812,7.0357e-07,3.7866e-07,3.9675e-07,1.0224e-06,2.2161e-08,-1.6089e-09,314.26,0,0.024509,5.304e-09,6.4955e-09,8e+16,9.7971e+16,314.26,0.00043908,0.03,0,0.002
